{
  "particles": {
    "number": {
      "value": 154,
      "density": {
        "enable": true,
        "value_area": 2084.43567912518
      }
    },
    "color": {
      "value": "#5343cf"
    },
    "shape": {
      "type": "circle",
      "stroke": {
        "width": 0,
        "color": "#000000"
      },
      "polygon": {
        "nb_sides": 5
      },
      "image": {
        "src": "img/github.svg",
        "width": 100,
        "height": 100
      }
    },
    "opacity": {
      "value": 0.5,
      "random": false,
      "anim": {
        "enable": false,
        "speed": 1,
        "opacity_min": 0.1,
        "sync": false
      }
    },
    "size": {
      "value": 4.008530152163807,
      "random": true,
      "anim": {
        "enable": false,
        "speed": 63.34202255950492,
        "size_min": 11.369080972218832,
        "sync": false
      }
    },
    "line_linked": {
      "enable": true,
      "distance": 150,
      "color": "#8294e6",
      "opacity": 0.4,
      "width": 1
    },
    "move": {
      "enable": true,
      "speed": 6,
      "direction": "left",
      "random": false,
      "straight": false,
      "out_mode": "out",
      "bounce": false,
      "attract": {
        "enable": false,
        "rotateX": 600,
        "rotateY": 1200
      }
    }
  },
  "interactivity": {
    "detect_on": "canvas",
    "events": {
      "onhover": {
        "enable": true,
        "mode": "grab"
      },
      "onclick": {
        "enable": true,
        "mode": "repulse"
      },
      "resize": true
    },
    "modes": {
      "grab": {
        "distance": 243.62316369040352,
        "line_linked": {
          "opacity": 1
        }
      },
      "bubble": {
        "distance": 462.88401101176675,
        "size": 121.81158184520177,
        "duration": 2,
        "opacity": 8,
        "speed": 3
      },
      "repulse": {
        "distance": 200,
        "duration": 0.4
      },
      "push": {
        "particles_nb": 4
      },
      "remove": {
        "particles_nb": 2
      }
    }
  },
  "retina_detect": true
}